year,skill_level,source_country_region,dest_country_region,s2d_d2s_ratio,yoy_change,,
2022,HIGH,Argentina,Brazil,1.070469799,,,
2019,HIGH,Argentina,Spain,5.512727273,,,
2020,HIGH,Argentina,Spain,3.384146341,-0.386121211,,
2021,HIGH,Argentina,Spain,5.203842941,0.537712148,,
2022,HIGH,Argentina,Spain,3.440758294,-0.338804354,,
2020,HIGH,Argentina,United States,1.679897567,,,
2021,HIGH,Argentina,United States,2.465801887,0.467828715,,
2022,HIGH,Argentina,United States,1.837295691,-0.25488917,,
2020,HIGH,Australia,Brazil,0.674439462,,,
2019,HIGH,Australia,Canada,0.707727621,,,
2020,HIGH,Australia,Canada,1.042142857,0.472519691,,
2021,HIGH,Australia,Canada,1.097862767,0.053466672,,
2022,HIGH,Australia,Canada,0.946635731,-0.137746757,,
2020,HIGH,Australia,China,1.072410632,,,
2021,HIGH,Australia,China,1.006481481,-0.061477525,,
2022,HIGH,Australia,China,0.476858345,-0.5262125,,
2019,HIGH,Australia,France,1.092290988,,,
2020,HIGH,Australia,France,1.661060802,0.520712722,,
2022,HIGH,Australia,France,0.755208333,,,
2019,HIGH,Australia,Germany,1.344692005,,,
2020,HIGH,Australia,Germany,1.568918919,0.166749644,,
2021,HIGH,Australia,Germany,1.42687747,-0.090534601,,
2022,HIGH,Australia,Germany,0.81450654,-0.429168547,,
2019,HIGH,Australia,India,0.184021071,,,
2020,HIGH,Australia,India,0.32542898,0.768433245,,
2021,HIGH,Australia,India,0.527664117,0.621441694,,
2022,HIGH,Australia,India,0.255289292,-0.516189781,,
2020,HIGH,Australia,Indonesia,0.914402174,,,
2022,HIGH,Australia,Indonesia,0.542355372,,,
2020,HIGH,Australia,Ireland,1.467248908,,,
2022,HIGH,Australia,Ireland,0.585501859,,,
2020,HIGH,Australia,Malaysia,1.352392065,,,
2021,HIGH,Australia,Malaysia,1.546474359,0.143510376,,
2019,HIGH,Australia,New Zealand,0.615881459,,,
2020,HIGH,Australia,New Zealand,1.127503065,0.830714415,,
2021,HIGH,Australia,New Zealand,0.835353113,-0.259112335,,
2022,HIGH,Australia,New Zealand,0.49983091,-0.401653143,,
2022,HIGH,Australia,Philippines,0.25698872,,,
2019,HIGH,Australia,Singapore,0.406432749,,,
2020,HIGH,Australia,Singapore,0.723968566,0.781275176,,
2021,HIGH,Australia,Singapore,0.626401631,-0.134766811,,
2022,HIGH,Australia,Singapore,0.552127162,-0.118573237,,
2019,HIGH,Australia,Spain,0.920508744,,,
2021,HIGH,Australia,United Arab Emirates,0.591594828,,,
2022,HIGH,Australia,United Arab Emirates,0.545004129,-0.078754405,,
2019,HIGH,Australia,United Kingdom,0.566681242,,,
2020,LOW,Australia,United Kingdom,0.871736663,,,
2020,HIGH,Australia,United Kingdom,0.812531079,0.433841495,,
2020,MEDIUM,Australia,United Kingdom,0.880580357,,,
2021,HIGH,Australia,United Kingdom,0.667198016,-0.17886462,,
2022,LOW,Australia,United Kingdom,0.590055249,,,
2022,HIGH,Australia,United Kingdom,0.803719694,0.204619431,,
2022,MEDIUM,Australia,United Kingdom,0.616766467,,,
2019,HIGH,Australia,United States,1.071570139,,,
2020,HIGH,Australia,United States,0.871981151,-0.186258445,,
2021,HIGH,Australia,United States,1.087394068,0.247038502,,
2022,HIGH,Australia,United States,1.051669316,-0.032853546,,
2019,HIGH,Austria,Germany,0.87639821,,,
2020,HIGH,Austria,Germany,0.801294252,-0.085696157,,
2021,HIGH,Austria,Germany,0.79875195,-0.003172744,,
2022,HIGH,Austria,Germany,0.774874732,-0.029893158,,
2020,HIGH,Bahrain,India,0.861344538,,,
2021,HIGH,Bahrain,India,0.856951872,-0.005099778,,
2022,HIGH,Bahrain,India,0.675078864,-0.212232464,,
2020,HIGH,Bangladesh,United States,1.675925926,,,
2021,HIGH,Bangladesh,United States,3.040053405,0.813954518,,
2022,HIGH,Bangladesh,United States,4.94933655,0.628042633,,
2019,HIGH,Belgium,France,0.996365524,,,
2020,HIGH,Belgium,France,0.987909516,-0.008486853,,
2021,HIGH,Belgium,France,0.956813417,-0.031476667,,
2022,HIGH,Belgium,France,0.898821617,-0.060609309,,
2019,HIGH,Belgium,Germany,1.052054795,,,
2020,HIGH,Belgium,Germany,1.119266055,0.063885703,,
2021,HIGH,Belgium,Germany,1.182170543,0.05620155,,
2022,HIGH,Belgium,Germany,1.017667845,-0.139153102,,
2020,HIGH,Belgium,Italy,0.659955257,,,
2021,HIGH,Belgium,Italy,0.670025189,0.015258507,,
2022,HIGH,Belgium,Italy,0.515422886,-0.230741032,,
2020,HIGH,Belgium,Netherlands,1.12716763,,,
2021,HIGH,Belgium,Netherlands,1.046757164,-0.071338516,,
2022,HIGH,Belgium,Netherlands,0.949441891,-0.092968338,,
2019,HIGH,Belgium,Spain,0.893009986,,,
2020,HIGH,Belgium,Spain,0.879598662,-0.015018111,,
2021,HIGH,Belgium,Spain,0.990604027,0.126200015,,
2022,HIGH,Belgium,Spain,0.870310825,-0.121434194,,
2019,HIGH,Belgium,United Kingdom,0.700394218,,,
2020,HIGH,Belgium,United Kingdom,0.800475059,0.142892158,,
2021,HIGH,Belgium,United Kingdom,0.831219512,0.038407759,,
2022,HIGH,Belgium,United Kingdom,0.979214781,0.178045951,,
2019,HIGH,Belgium,United States,1.050546448,,,
2020,HIGH,Belgium,United States,0.870307167,-0.17156717,,
2021,HIGH,Belgium,United States,0.994904459,0.143164731,,
2022,HIGH,Belgium,United States,1.206095791,0.212272978,,
2022,HIGH,Brazil,Argentina,0.934169279,,,
2020,HIGH,Brazil,Australia,1.482712766,,,
2020,HIGH,Brazil,Canada,1.874038462,,,
2021,HIGH,Brazil,Canada,2.585365854,0.37956926,,
2022,HIGH,Brazil,Canada,3.306205493,0.278815332,,
2020,HIGH,Brazil,France,2.127906977,,,
2021,HIGH,Brazil,France,1.716917923,-0.193142397,,
2022,HIGH,Brazil,France,1.770967742,0.031480724,,
2020,HIGH,Brazil,Germany,2.625757576,,,
2021,HIGH,Brazil,Germany,2.342668863,-0.107812204,,
2022,HIGH,Brazil,Germany,2.266304348,-0.03259723,,
2020,HIGH,Brazil,Ireland,1.284560144,,,
2021,HIGH,Brazil,Ireland,1.298387097,0.010763959,,
2022,HIGH,Brazil,Ireland,2.941926346,1.265831471,,
2020,HIGH,Brazil,Portugal,2.336226587,,,
2021,HIGH,Brazil,Portugal,2.619402985,0.121211016,,
2021,LOW,Brazil,Portugal,2.689213894,,,
2022,HIGH,Brazil,Portugal,3.318164864,0.266763794,,
2022,LOW,Brazil,Portugal,4.779134295,0.777149191,,
2020,HIGH,Brazil,Spain,1.914285714,,,
2021,HIGH,Brazil,Spain,1.84929078,-0.033952578,,
2022,HIGH,Brazil,Spain,1.939759036,0.048920514,,
2020,HIGH,Brazil,United Kingdom,1.891163793,,,
2021,HIGH,Brazil,United Kingdom,1.666269368,-0.118918533,,
2022,HIGH,Brazil,United Kingdom,1.69047619,0.014527556,,
2019,HIGH,Brazil,United States,3.819197896,,,
2020,LOW,Brazil,United States,0.693261038,,,
2020,MEDIUM,Brazil,United States,0.850605653,,,
2020,HIGH,Brazil,United States,1.136883711,-0.702323959,,
2021,HIGH,Brazil,United States,1.195592969,0.051640512,,
2021,MEDIUM,Brazil,United States,0.748529412,-0.120004188,,
2021,LOW,Brazil,United States,0.647058824,-0.066644758,,
2022,HIGH,Brazil,United States,1.89015544,0.580935561,,
2022,LOW,Brazil,United States,1.338574423,1.068705927,,
2019,HIGH,Canada,Australia,1.412972973,,,
2020,HIGH,Canada,Australia,0.959561343,-0.320891934,,
2021,HIGH,Canada,Australia,0.910860656,-0.050753074,,
2022,HIGH,Canada,Australia,1.056372549,0.15975209,,
2020,HIGH,Canada,Brazil,0.533606978,,,
2021,HIGH,Canada,Brazil,0.386792453,-0.275136067,,
2022,HIGH,Canada,Brazil,0.302461538,-0.218026266,,
2020,HIGH,Canada,China,0.626278521,,,
2021,HIGH,Canada,China,0.514721919,-0.178126182,,
2022,HIGH,Canada,China,0.475121951,-0.076934684,,
2019,HIGH,Canada,France,0.832244898,,,
2020,HIGH,Canada,France,0.989338436,0.188758788,,
2020,LOW,Canada,France,0.921501706,,,
2021,HIGH,Canada,France,0.750128139,-0.241788137,,
2022,HIGH,Canada,France,0.512304251,-0.317044351,,
2020,HIGH,Canada,Germany,1.333771353,,,
2021,HIGH,Canada,Germany,0.991082803,-0.256932007,,
2022,HIGH,Canada,Germany,0.733277592,-0.260124795,,
2019,HIGH,Canada,India,0.137778534,,,
2020,HIGH,Canada,India,0.173723293,0.260887953,,
2021,HIGH,Canada,India,0.172085403,-0.009428158,,
2022,HIGH,Canada,India,0.136223413,-0.208396466,,
2020,HIGH,Canada,Ireland,1.256684492,,,
2021,HIGH,Canada,Ireland,0.948453608,-0.245273086,,
2022,HIGH,Canada,Ireland,0.673886883,-0.28948883,,
2020,HIGH,Canada,Mexico,0.56205036,,,
2021,HIGH,Canada,Mexico,0.335603715,-0.40289387,,
2022,HIGH,Canada,Mexico,0.351385928,0.047026334,,
2022,HIGH,Canada,Nigeria,0.145798669,,,
2022,HIGH,Canada,Spain,0.835114504,,,
2020,HIGH,Canada,United Arab Emirates,0.273100616,,,
2021,HIGH,Canada,United Arab Emirates,0.357330334,0.308420094,,
2022,HIGH,Canada,United Arab Emirates,0.395634799,0.107196231,,
2019,HIGH,Canada,United Kingdom,0.651140684,,,
2020,HIGH,Canada,United Kingdom,0.773439648,0.187822642,,
2021,HIGH,Canada,United Kingdom,0.919960146,0.189440118,,
2022,HIGH,Canada,United Kingdom,0.85209276,-0.073772094,,
2019,HIGH,Canada,United States,1.391363863,,,
2019,MEDIUM,Canada,United States,1.309063893,,,
2019,LOW,Canada,United States,1.036211699,,,
2020,MEDIUM,Canada,United States,0.832236842,-0.364250403,,
2020,HIGH,Canada,United States,0.857163605,-0.383940012,,
2020,LOW,Canada,United States,0.672077922,-0.351408672,,
2021,LOW,Canada,United States,0.806374502,0.199822931,,
2021,HIGH,Canada,United States,0.968464184,0.129847533,,
2021,MEDIUM,Canada,United States,0.989719626,0.189228326,,
2022,HIGH,Canada,United States,1.296937105,0.339168889,,
2022,LOW,Canada,United States,0.968171725,0.200647742,,
2022,MEDIUM,Canada,United States,1.1716141,0.183783841,,
2020,HIGH,Chile,Spain,2.007054674,,,
2022,HIGH,Chile,Spain,2.530612245,,,
2020,HIGH,Chile,United States,1.303597122,,,
2021,HIGH,Chile,United States,2.321858864,0.781116899,,
2022,HIGH,Chile,United States,2.180555556,-0.060857837,,
2020,HIGH,China,Australia,0.932478632,,,
2021,HIGH,China,Australia,0.993560258,0.065504584,,
2022,HIGH,China,Australia,2.097058824,1.110650871,,
2020,HIGH,China,Canada,1.596733668,,,
2021,HIGH,China,Canada,1.94279661,0.216731787,,
2022,HIGH,China,Canada,2.104722793,0.083346955,,
2020,HIGH,China,France,1.1796875,,,
2021,HIGH,China,France,1.646234676,0.395483699,,
2020,HIGH,China,Germany,1.527251185,,,
2021,HIGH,China,Germany,1.623481781,0.063009017,,
2022,HIGH,China,Germany,1.359210526,-0.162780549,,
2020,HIGH,China,Japan,1.105263158,,,
2021,HIGH,China,Japan,0.788253478,-0.286818282,,
2022,HIGH,China,Japan,0.535259133,-0.32095557,,
2020,HIGH,China,Singapore,1.317620651,,,
2021,HIGH,China,Singapore,1.360670194,0.032672183,,
2022,HIGH,China,Singapore,1.421538462,0.044734035,,
2019,HIGH,China,United Kingdom,1.344173442,,,
2020,HIGH,China,United Kingdom,0.845532106,-0.370965026,,
2021,HIGH,China,United Kingdom,1.351493849,0.598394478,,
2022,HIGH,China,United Kingdom,1.715627096,0.269430192,,
2019,HIGH,China,United States,2.566953798,,,
2020,HIGH,China,United States,0.867816092,-0.661927654,,
2021,HIGH,China,United States,1.097783218,0.264995231,,
2022,HIGH,China,United States,0.912411118,-0.168860387,,
2021,HIGH,Colombia,Mexico,2.050682261,,,
2022,HIGH,Colombia,Mexico,1.841904762,-0.1018088,,
2020,HIGH,Colombia,Spain,2.019480519,,,
2021,HIGH,Colombia,Spain,2.88162762,0.426915285,,
2022,HIGH,Colombia,Spain,3.11884058,0.082319089,,
2019,HIGH,Colombia,United States,3.195718654,,,
2020,HIGH,Colombia,United States,1.338964578,-0.581012998,,
2021,HIGH,Colombia,United States,2.134072022,0.593822613,,
2022,HIGH,Colombia,United States,2.201084501,0.031401226,,
2022,HIGH,Colombia,Venezuela,0.972144847,,,
2021,HIGH,Costa Rica,United States,1.451550388,,,
2022,HIGH,Costa Rica,United States,1.546737213,0.065575971,,
2022,HIGH,Cyprus,United Kingdom,0.75,,,
2019,HIGH,Denmark,Germany,0.961965135,,,
2020,HIGH,Denmark,Germany,0.820930233,-0.146611241,,
2021,HIGH,Denmark,Germany,0.831021438,0.012292403,,
2022,HIGH,Denmark,Germany,0.772839506,-0.070012552,,
2020,HIGH,Denmark,Sweden,1.067381317,,,
2021,HIGH,Denmark,Sweden,0.9,-0.156814921,,
2022,HIGH,Denmark,Sweden,0.748335553,-0.168516053,,
2020,HIGH,Denmark,United Kingdom,0.586352148,,,
2021,HIGH,Denmark,United Kingdom,0.534643226,-0.088187486,,
2022,HIGH,Denmark,United Kingdom,0.760784314,0.422975689,,
2019,HIGH,Denmark,United States,0.898876404,,,
2020,HIGH,Denmark,United States,0.637362637,-0.290934066,,
2022,HIGH,Denmark,United States,1.065063649,,,
2020,HIGH,Ecuador,United States,1.245098039,,,
2019,HIGH,Egypt,Saudi Arabia,1.49034749,,,
2020,HIGH,Egypt,Saudi Arabia,0.83824064,-0.43755356,,
2021,HIGH,Egypt,Saudi Arabia,1.023511905,0.221023959,,
2021,MEDIUM,Egypt,Saudi Arabia,1.351819757,,,
2022,HIGH,Egypt,Saudi Arabia,1.919788274,0.875687293,,
2020,HIGH,Egypt,United Arab Emirates,1.224236641,,,
2021,HIGH,Egypt,United Arab Emirates,1.5134713,0.236257149,,
2021,LOW,Egypt,United Arab Emirates,2.039292731,,,
2022,HIGH,Egypt,United Arab Emirates,2.091386095,0.381847211,,
2022,LOW,Egypt,United Arab Emirates,2.519699812,0.235575342,,
2020,HIGH,Egypt,United States,1.353606789,,,
2021,HIGH,Egypt,United States,1.35316947,-0.000323077,,
2022,HIGH,Egypt,United States,1.718092567,0.269680262,,
2019,HIGH,France,Australia,0.915506958,,,
2020,HIGH,France,Australia,0.602024922,-0.342413603,,
2022,HIGH,France,Australia,1.324137931,,,
2019,HIGH,France,Belgium,1.003647733,,,
2020,HIGH,France,Belgium,1.012238452,0.008559496,,
2021,HIGH,France,Belgium,1.045135846,0.032499648,,
2022,HIGH,France,Belgium,1.112567812,0.06451981,,
2020,HIGH,France,Brazil,0.469945355,,,
2021,HIGH,France,Brazil,0.582439024,0.239376064,,
2022,HIGH,France,Brazil,0.564663024,-0.030519934,,
2019,HIGH,France,Canada,1.201569397,,,
2020,HIGH,France,Canada,1.010776458,-0.15878645,,
2020,LOW,France,Canada,1.085185185,,,
2021,HIGH,France,Canada,1.333105569,0.318892579,,
2022,HIGH,France,Canada,1.951965066,0.464223923,,
2020,HIGH,France,China,0.847682119,,,
2021,HIGH,France,China,0.607446809,-0.283402593,,
2019,HIGH,France,Germany,1.057002457,,,
2020,HIGH,France,Germany,1.174340811,0.111010483,,
2021,HIGH,France,Germany,1.184264166,0.00845015,,
2022,HIGH,France,Germany,1.17697394,-0.006155912,,
2019,HIGH,France,India,0.33253128,,,
2020,HIGH,France,India,0.47832981,0.438450571,,
2021,HIGH,France,India,0.516905444,0.08064652,,
2022,HIGH,France,India,0.449124726,-0.131127885,,
2020,HIGH,France,Ireland,0.744764398,,,
2021,HIGH,France,Ireland,0.8175,0.097662566,,
2022,HIGH,France,Ireland,1.137978142,0.392022192,,
2019,HIGH,France,Italy,0.597807271,,,
2020,HIGH,France,Italy,0.777111214,0.299936036,,
2021,HIGH,France,Italy,0.846348884,0.089096219,,
2022,HIGH,France,Italy,0.72867893,-0.139032445,,
2020,HIGH,France,Luxembourg,2.066481994,,,
2021,HIGH,France,Luxembourg,1.602551521,-0.224502548,,
2022,HIGH,France,Luxembourg,1.755102041,0.095192272,,
2020,HIGH,France,Morocco,0.226255293,,,
2021,HIGH,France,Morocco,0.268106457,0.184973192,,
2022,HIGH,France,Morocco,0.294720768,0.099267697,,
2020,HIGH,France,Netherlands,1.320083682,,,
2021,HIGH,France,Netherlands,1.317813765,-0.001719525,,
2022,HIGH,France,Netherlands,1.252230333,-0.049766844,,
2020,HIGH,France,Portugal,1.176156584,,,
2021,HIGH,France,Portugal,1.207011686,0.026233839,,
2022,HIGH,France,Portugal,1.107284768,-0.082622993,,
2022,HIGH,France,Singapore,1.019963702,,,
2019,HIGH,France,Spain,1.062875636,,,
2020,HIGH,France,Spain,0.96529563,-0.091807548,,
2021,HIGH,France,Spain,1.030888031,0.067950583,,
2022,HIGH,France,Spain,1.113207547,0.079853014,,
2022,LOW,France,Spain,1.152249135,,,
2019,HIGH,France,Switzerland,1.576502732,,,
2020,HIGH,France,Switzerland,1.806857943,0.146117863,,
2021,HIGH,France,Switzerland,1.994698978,0.103960046,,
2021,LOW,France,Switzerland,1.950617284,,,
2022,HIGH,France,Switzerland,2.219827586,0.11286345,,
2022,LOW,France,Switzerland,2.001333333,0.026,,
2022,MEDIUM,France,Switzerland,2.136217949,,,
2020,HIGH,France,Tunisia,0.206802721,,,
2021,HIGH,France,Tunisia,0.232274742,0.123170625,,
2022,HIGH,France,Tunisia,0.201965066,-0.130490624,,
2020,HIGH,France,United Arab Emirates,0.762057878,,,
2021,HIGH,France,United Arab Emirates,1.164937759,0.5286736,,
2022,HIGH,France,United Arab Emirates,1.401273885,0.202874466,,
2019,HIGH,France,United Kingdom,0.569814164,,,
2020,HIGH,France,United Kingdom,0.720309308,0.264112678,,
2020,LOW,France,United Kingdom,0.617615467,,,
2021,HIGH,France,United Kingdom,0.65903595,-0.085065343,,
2021,LOW,France,United Kingdom,0.696406444,0.127572868,,
2022,LOW,France,United Kingdom,0.78551532,0.127955273,,
2022,HIGH,France,United Kingdom,0.89410299,0.356683182,,
2019,HIGH,France,United States,0.941879541,,,
2020,HIGH,France,United States,0.762037037,-0.190940026,,
2021,HIGH,France,United States,0.781345566,0.025338045,,
2022,HIGH,France,United States,1.168393782,0.495361123,,
2019,HIGH,Germany,Australia,0.743664717,,,
2020,HIGH,Germany,Australia,0.637381568,-0.142918102,,
2021,HIGH,Germany,Australia,0.700831025,0.099547054,,
2022,HIGH,Germany,Australia,1.227737226,0.751830588,,
2019,HIGH,Germany,Austria,1.141033823,,,
2020,HIGH,Germany,Austria,1.247980998,0.093728313,,
2021,HIGH,Germany,Austria,1.251953125,0.003182843,,
2022,HIGH,Germany,Austria,1.290531178,0.030814295,,
2019,HIGH,Germany,Belgium,0.950520833,,,
2020,HIGH,Germany,Belgium,0.893442623,-0.060049405,,
2021,HIGH,Germany,Belgium,0.845901639,-0.053211009,,
2022,HIGH,Germany,Belgium,0.982638889,0.161646748,,
2020,HIGH,Germany,Brazil,0.38084247,,,
2021,HIGH,Germany,Brazil,0.426863572,0.120840259,,
2022,HIGH,Germany,Brazil,0.441247002,0.033695614,,
2020,HIGH,Germany,Canada,0.749753695,,,
2021,HIGH,Germany,Canada,1.008997429,0.345771867,,
2022,HIGH,Germany,Canada,1.363740023,0.351579284,,
2020,HIGH,Germany,China,0.65477114,,,
2021,HIGH,Germany,China,0.6159601,-0.059274208,,
2022,HIGH,Germany,China,0.7357212,0.194429965,,
2019,HIGH,Germany,Denmark,1.039538715,,,
2020,HIGH,Germany,Denmark,1.218130312,0.171798889,,
2021,HIGH,Germany,Denmark,1.203338392,-0.012143134,,
2022,HIGH,Germany,Denmark,1.293929712,0.07528333,,
2019,HIGH,Germany,France,0.946071595,,,
2020,HIGH,Germany,France,0.851541555,-0.099918484,,
2021,HIGH,Germany,France,0.844406196,-0.008379343,,
2022,HIGH,Germany,France,0.849636484,0.006194042,,
2019,HIGH,Germany,India,0.2503398,,,
2020,HIGH,Germany,India,0.31718992,0.267037522,,
2021,HIGH,Germany,India,0.294760648,-0.070712435,,
2022,HIGH,Germany,India,0.214324768,-0.272885411,,
2021,HIGH,Germany,Ireland,0.622988506,,,
2022,HIGH,Germany,Ireland,0.935329341,0.501358906,,
2019,HIGH,Germany,Italy,0.582166926,,,
2020,HIGH,Germany,Italy,0.629970699,0.082113516,,
2021,HIGH,Germany,Italy,0.655309735,0.040222562,,
2022,HIGH,Germany,Italy,0.63495072,-0.031067773,,
2021,HIGH,Germany,Luxembourg,0.988505747,,,
2022,HIGH,Germany,Luxembourg,1.134387352,0.147577902,,
2020,HIGH,Germany,Netherlands,1.043562066,,,
2021,HIGH,Germany,Netherlands,0.995628415,-0.045932727,,
2022,HIGH,Germany,Netherlands,1.100143062,0.104973547,,
2019,HIGH,Germany,Poland,0.560926485,,,
2020,HIGH,Germany,Poland,0.71042471,0.266520175,,
2021,HIGH,Germany,Poland,0.639391745,-0.09998662,,
2022,HIGH,Germany,Poland,0.550024888,-0.13976855,,
2020,HIGH,Germany,Portugal,0.863013699,,,
2021,HIGH,Germany,Portugal,0.938271605,0.087203606,,
2022,HIGH,Germany,Portugal,1.060204082,0.12995435,,
2019,HIGH,Germany,Spain,0.938405797,,,
2020,HIGH,Germany,Spain,0.779157138,-0.169701274,,
2021,HIGH,Germany,Spain,0.836879433,0.074082995,,
2022,HIGH,Germany,Spain,1.001631854,0.196865181,,
2020,HIGH,Germany,Sweden,1.073459716,,,
2021,HIGH,Germany,Sweden,1.108352144,0.032504647,,
2022,HIGH,Germany,Sweden,1.126681614,0.016537587,,
2019,HIGH,Germany,Switzerland,1.454136691,,,
2020,HIGH,Germany,Switzerland,1.637980085,0.126427863,,
2021,HIGH,Germany,Switzerland,1.795942721,0.096437458,,
2022,HIGH,Germany,Switzerland,2.096919918,0.167587303,,
2020,HIGH,Germany,Turkey,0.336676218,,,
2021,HIGH,Germany,Turkey,0.283117791,-0.159079923,,
2022,HIGH,Germany,Turkey,0.284551191,0.005062909,,
2022,HIGH,Germany,Ukraine,0.189467188,,,
2021,HIGH,Germany,United Arab Emirates,0.59138756,,,
2022,HIGH,Germany,United Arab Emirates,0.861239593,0.456303195,,
2019,HIGH,Germany,United Kingdom,0.504387131,,,
2020,HIGH,Germany,United Kingdom,0.617447442,0.224153838,,
2021,HIGH,Germany,United Kingdom,0.686897106,0.112478664,,
2022,HIGH,Germany,United Kingdom,0.964008469,0.403424851,,
2019,HIGH,Germany,United States,0.88743241,,,
2020,HIGH,Germany,United States,0.70043573,-0.210716533,,
2020,MEDIUM,Germany,United States,0.830592105,,,
2021,HIGH,Germany,United States,0.854746784,0.220307228,,
2021,MEDIUM,Germany,United States,1.027422303,0.236975763,,
2022,HIGH,Germany,United States,1.077828646,0.260991754,,
2022,MEDIUM,Germany,United States,1.020373514,-0.006860654,,
2022,LOW,Germany,United States,1.133671743,,,
2020,HIGH,Greece,United Kingdom,0.925671025,,,
2021,HIGH,Greece,United Kingdom,0.771830986,-0.166192994,,
2022,HIGH,Greece,United Kingdom,0.858333333,0.112074209,,
2019,HIGH,India,Australia,5.434160305,,,
2020,HIGH,India,Australia,3.072867082,-0.434527708,,
2021,HIGH,India,Australia,1.895144976,-0.383264903,,
2022,HIGH,India,Australia,3.917124736,1.066926164,,
2020,HIGH,India,Bahrain,1.16097561,,,
2021,HIGH,India,Bahrain,1.166926677,0.005125919,,
2022,HIGH,India,Bahrain,1.481308411,0.269410015,,
2019,HIGH,India,Canada,7.258024691,,,
2020,HIGH,India,Canada,5.756280465,-0.206908118,,
2021,HIGH,India,Canada,5.811068134,0.009517894,,
2022,HIGH,India,Canada,7.340882002,0.263258636,,
2019,HIGH,India,France,3.00723589,,,
2020,HIGH,India,France,2.090607735,-0.304807534,,
2021,HIGH,India,France,1.9345898,-0.074628029,,
2022,HIGH,India,France,2.226552984,0.150917359,,
2019,HIGH,India,Germany,3.994570582,,,
2020,HIGH,India,Germany,3.152685308,-0.210757391,,
2021,HIGH,India,Germany,3.39258312,0.076093168,,
2022,HIGH,India,Germany,4.665816327,0.375299045,,
2020,HIGH,India,Ireland,4.216783217,,,
2021,HIGH,India,Ireland,4.674121406,0.108456652,,
2022,HIGH,India,Ireland,6.904841402,0.477249049,,
2020,HIGH,India,Japan,1.637362637,,,
2021,HIGH,India,Japan,1.198518519,-0.268018891,,
2022,HIGH,India,Japan,2.107142857,0.758122903,,
2019,HIGH,India,Malaysia,0.983249581,,,
2020,HIGH,India,Malaysia,1.130827068,0.150091583,,
2021,HIGH,India,Malaysia,0.640463132,-0.433633001,,
2022,HIGH,India,Malaysia,1.410212766,1.201864081,,
2020,HIGH,India,Netherlands,1.875329236,,,
2021,HIGH,India,Netherlands,2.301369863,0.227181776,,
2022,HIGH,India,Netherlands,3.729946524,0.620750573,,
2019,HIGH,India,Qatar,0.704129993,,,
2020,HIGH,India,Qatar,1.093820478,0.553435429,,
2021,HIGH,India,Qatar,1.175041876,0.074254779,,
2021,MEDIUM,India,Qatar,1.288135593,,,
2022,HIGH,India,Qatar,1.907185629,0.62307886,,
2019,HIGH,India,Saudi Arabia,0.977195536,,,
2020,HIGH,India,Saudi Arabia,1.053338307,0.077919687,,
2020,MEDIUM,India,Saudi Arabia,1.133105802,,,
2020,LOW,India,Saudi Arabia,0.998217469,,,
2021,HIGH,India,Saudi Arabia,0.841463415,-0.2011461,,
2021,LOW,India,Saudi Arabia,0.87534626,-0.123090621,,
2021,MEDIUM,India,Saudi Arabia,1.020176545,-0.099663471,,
2022,HIGH,India,Saudi Arabia,1.93657425,1.301436065,,
2022,LOW,India,Saudi Arabia,2.039745628,1.330215733,,
2022,MEDIUM,India,Saudi Arabia,2.021802326,0.981816124,,
2019,HIGH,India,Singapore,0.901536984,,,
2020,HIGH,India,Singapore,1.316130935,0.45987459,,
2021,HIGH,India,Singapore,0.831313131,-0.368365936,,
2022,HIGH,India,Singapore,2.019393181,1.429160692,,
2020,HIGH,India,Sweden,2.677710843,,,
2021,HIGH,India,Sweden,2.926578561,0.092940475,,
2022,HIGH,India,Sweden,4.228013029,0.444694869,,
2019,LOW,India,United Arab Emirates,0.7078125,,,
2019,HIGH,India,United Arab Emirates,0.679185679,,,
2019,MEDIUM,India,United Arab Emirates,0.7748765,,,
2020,HIGH,India,United Arab Emirates,1.379728269,1.031444878,,
2020,LOW,India,United Arab Emirates,1.55380334,1.195218846,,
2020,MEDIUM,India,United Arab Emirates,1.751988769,1.260990971,,
2021,LOW,India,United Arab Emirates,2.107923987,0.356622124,,
2021,HIGH,India,United Arab Emirates,1.619010212,0.173426861,,
2021,MEDIUM,India,United Arab Emirates,2.210751157,0.261852356,,
2022,LOW,India,United Arab Emirates,2.397849462,0.137540764,,
2022,MEDIUM,India,United Arab Emirates,2.604950177,0.178309991,,
2022,HIGH,India,United Arab Emirates,2.061121613,0.273075116,,
2019,HIGH,India,United Kingdom,1.571481006,,,
2020,HIGH,India,United Kingdom,1.862845445,0.185407548,,
2021,HIGH,India,United Kingdom,2.89563921,0.554417312,,
2021,MEDIUM,India,United Kingdom,3.477941176,,,
2022,HIGH,India,United Kingdom,4.609977913,0.592041542,,
2022,MEDIUM,India,United Kingdom,5.106346484,0.46820956,,
2019,HIGH,India,United States,1.507026401,,,
2019,LOW,India,United States,0.527600232,,,
2019,MEDIUM,India,United States,0.818267866,,,
2020,MEDIUM,India,United States,0.758440323,-0.073114862,,
2020,LOW,India,United States,0.554951034,0.05184001,,
2020,HIGH,India,United States,1.155214633,-0.233447647,,
2021,MEDIUM,India,United States,0.983126551,0.296247734,,
2021,LOW,India,United States,0.947397564,0.707173257,,
2021,HIGH,India,United States,1.840813421,0.593481737,,
2022,MEDIUM,India,United States,1.925721301,0.95877255,,
2022,HIGH,India,United States,2.787498289,0.514275297,,
2022,LOW,India,United States,2.17377261,1.294467173,,
2020,HIGH,Indonesia,Australia,1.093610698,,,
2022,HIGH,Indonesia,Australia,1.843809524,,,
2020,HIGH,Indonesia,Malaysia,0.837171053,,,
2022,HIGH,Indonesia,Malaysia,1.037707391,,,
2020,HIGH,Indonesia,Singapore,0.998628258,,,
2021,HIGH,Indonesia,Singapore,0.909313725,-0.089437217,,
2022,HIGH,Indonesia,Singapore,1.399727149,0.539322579,,
2020,HIGH,Indonesia,United States,0.489977728,,,
2021,HIGH,Indonesia,United States,0.791773779,0.615938303,,
2022,HIGH,Indonesia,United States,1.081452404,0.365860342,,
2020,HIGH,Ireland,Australia,0.681547619,,,
2022,HIGH,Ireland,Australia,1.707936508,,,
2020,HIGH,Ireland,Brazil,0.77847659,,,
2021,HIGH,Ireland,Brazil,0.770186335,-0.01064933,,
2022,HIGH,Ireland,Brazil,0.339913337,-0.55866091,,
2020,HIGH,Ireland,Canada,0.795744681,,,
2021,HIGH,Ireland,Canada,1.054347826,0.324982562,,
2022,HIGH,Ireland,Canada,1.483928571,0.407437408,,
2020,HIGH,Ireland,France,1.342706503,,,
2021,HIGH,Ireland,France,1.22324159,-0.088973214,,
2022,HIGH,Ireland,France,0.878751501,-0.281620648,,
2021,HIGH,Ireland,Germany,1.605166052,,,
2022,HIGH,Ireland,Germany,1.069142125,-0.333936745,,
2020,HIGH,Ireland,India,0.237147595,,,
2021,HIGH,Ireland,India,0.213943951,-0.097844739,,
2022,HIGH,Ireland,India,0.144825919,-0.323066073,,
2021,HIGH,Ireland,Italy,1.009920635,,,
2020,HIGH,Ireland,Spain,1.097395243,,,
2021,HIGH,Ireland,Spain,1.328824142,0.210889285,,
2022,HIGH,Ireland,Spain,0.974889217,-0.266351967,,
2019,HIGH,Ireland,United Kingdom,0.998796631,,,
2020,HIGH,Ireland,United Kingdom,0.728235294,-0.270887314,,
2021,HIGH,Ireland,United Kingdom,1.074640849,0.475678065,,
2022,HIGH,Ireland,United Kingdom,1.18426043,0.102005782,,
2020,HIGH,Ireland,United States,0.739975699,,,
2021,HIGH,Ireland,United States,0.944567627,0.276484659,,
2022,HIGH,Ireland,United States,1.045747423,0.107117577,,
2019,HIGH,Israel,United States,2.102257636,,,
2020,HIGH,Israel,United States,0.766515837,-0.635384444,,
2021,HIGH,Israel,United States,0.867231638,0.131394286,,
2022,HIGH,Israel,United States,1.110576923,0.2806001,,
2020,HIGH,Italy,Belgium,1.515254237,,,
2021,HIGH,Italy,Belgium,1.492481203,-0.015029184,,
2022,HIGH,Italy,Belgium,1.94015444,0.299952345,,
2019,HIGH,Italy,France,1.672779923,,,
2020,HIGH,Italy,France,1.286817102,-0.23073138,,
2021,HIGH,Italy,France,1.181545836,-0.081807482,,
2022,HIGH,Italy,France,1.372346529,0.161483954,,
2019,HIGH,Italy,Germany,1.717720392,,,
2020,HIGH,Italy,Germany,1.587375415,-0.075882534,,
2021,HIGH,Italy,Germany,1.525995949,-0.038667265,,
2022,HIGH,Italy,Germany,1.574925373,0.032063928,,
2021,HIGH,Italy,Ireland,0.990176817,,,
2020,HIGH,Italy,Netherlands,1.528301887,,,
2021,HIGH,Italy,Netherlands,1.440489433,-0.057457532,,
2022,HIGH,Italy,Netherlands,1.765495868,0.225622228,,
2019,HIGH,Italy,Spain,1.701754386,,,
2020,HIGH,Italy,Spain,1.158410452,-0.31928458,,
2020,LOW,Italy,Spain,1.188277087,,,
2021,HIGH,Italy,Spain,1.305357143,0.126852007,,
2022,HIGH,Italy,Spain,1.656878738,0.26929151,,
2022,LOW,Italy,Spain,1.711538462,,,
2019,HIGH,Italy,Switzerland,2.001261034,,,
2020,HIGH,Italy,Switzerland,1.929792979,-0.035711511,,
2021,HIGH,Italy,Switzerland,1.781002639,-0.077101711,,
2022,HIGH,Italy,Switzerland,2.454028436,0.377891522,,
2019,LOW,Italy,United Kingdom,0.949695122,,,
2019,HIGH,Italy,United Kingdom,1.029279279,,,
2020,MEDIUM,Italy,United Kingdom,0.904761905,,,
2020,HIGH,Italy,United Kingdom,0.904061625,-0.121655664,,
2020,LOW,Italy,United Kingdom,0.932835821,-0.01775233,,
2021,LOW,Italy,United Kingdom,0.677902622,-0.27328839,,
2021,HIGH,Italy,United Kingdom,0.741043203,-0.18031782,,
2022,HIGH,Italy,United Kingdom,0.929012346,0.253654769,,
2022,LOW,Italy,United Kingdom,0.758760108,0.11927596,,
2019,HIGH,Italy,United States,1.112660346,,,
2020,HIGH,Italy,United States,0.832354093,-0.251924366,,
2021,HIGH,Italy,United States,1.035925197,0.244572719,,
2022,HIGH,Italy,United States,1.200181571,0.158560072,,
2020,HIGH,Japan,China,0.904761905,,,
2021,HIGH,Japan,China,1.268627451,0.402167183,,
2022,HIGH,Japan,China,1.868253968,0.472657687,,
2020,HIGH,Japan,India,0.610738255,,,
2021,HIGH,Japan,India,0.834363412,0.366155476,,
2022,HIGH,Japan,India,0.474576271,-0.431211551,,
2020,HIGH,Japan,Singapore,0.860780985,,,
2021,HIGH,Japan,Singapore,0.767123288,-0.10880549,,
2022,HIGH,Japan,Singapore,1.07008547,0.394932845,,
2020,HIGH,Japan,United Kingdom,0.850967008,,,
2021,HIGH,Japan,United Kingdom,1.152472527,0.354309294,,
2022,HIGH,Japan,United Kingdom,0.981672394,-0.148203215,,
2019,HIGH,Japan,United States,2.401197605,,,
2020,HIGH,Japan,United States,0.803089814,-0.665546137,,
2021,HIGH,Japan,United States,0.919036564,0.14437582,,
2022,HIGH,Japan,United States,0.980802292,0.067207041,,
2020,HIGH,Jordan,Saudi Arabia,1.25445705,,,
2021,HIGH,Jordan,Saudi Arabia,1.695424837,0.351520832,,
2022,HIGH,Jordan,Saudi Arabia,1.967651195,0.160565277,,
2020,HIGH,Jordan,United Arab Emirates,1.297699594,,,
2021,HIGH,Jordan,United Arab Emirates,1.733556299,0.335868722,,
2022,HIGH,Jordan,United Arab Emirates,1.997429306,0.152214847,,
2020,HIGH,Kenya,United States,0.854503464,,,
2021,HIGH,Kenya,United States,1.218894009,0.426435422,,
2022,HIGH,Kenya,United States,1.502531646,0.232700821,,
2021,HIGH,Lebanon,United Arab Emirates,5.400597907,,,
2022,HIGH,Lebanon,United Arab Emirates,3.854972376,-0.286195262,,
2020,HIGH,Luxembourg,France,0.483914209,,,
2021,HIGH,Luxembourg,France,0.624004899,0.289494888,,
2022,HIGH,Luxembourg,France,0.569767442,-0.086918319,,
2021,HIGH,Luxembourg,Germany,1.011627907,,,
2022,HIGH,Luxembourg,Germany,0.881533101,-0.128599463,,
2020,HIGH,Malaysia,Australia,0.739430544,,,
2021,HIGH,Malaysia,Australia,0.646632124,-0.125499846,,
2019,HIGH,Malaysia,India,1.017035775,,,
2020,HIGH,Malaysia,India,0.884308511,-0.130504027,,
2021,HIGH,Malaysia,India,1.561370124,0.765639599,,
2022,HIGH,Malaysia,India,0.709112855,-0.54583936,,
2020,HIGH,Malaysia,Indonesia,1.194499018,,,
2022,HIGH,Malaysia,Indonesia,0.963662791,,,
2019,HIGH,Malaysia,Singapore,1.928143713,,,
2020,HIGH,Malaysia,Singapore,2.352860096,0.220272162,,
2021,HIGH,Malaysia,Singapore,1.982673267,-0.157334824,,
2022,HIGH,Malaysia,Singapore,3.234042553,0.631152549,,
2020,HIGH,Malaysia,United Kingdom,0.711877395,,,
2021,HIGH,Malaysia,United Kingdom,1.182377049,0.660927932,,
2022,HIGH,Malaysia,United Kingdom,1.763157895,0.491197665,,
2019,HIGH,Malaysia,United States,1.134469697,,,
2020,HIGH,Malaysia,United States,0.667741935,-0.411406107,,
2021,HIGH,Malaysia,United States,1.04934688,0.571485665,,
2022,HIGH,Malaysia,United States,1.422628952,0.355728005,,
2020,HIGH,Mexico,Canada,1.7792,,,
2021,HIGH,Mexico,Canada,2.979704797,0.674744153,,
2022,HIGH,Mexico,Canada,2.845873786,-0.044914184,,
2021,HIGH,Mexico,Colombia,0.487642586,,,
2022,HIGH,Mexico,Colombia,0.542916236,0.113348694,,
2019,HIGH,Mexico,Spain,1.790202343,,,
2020,HIGH,Mexico,Spain,1.340222576,-0.251356931,,
2021,HIGH,Mexico,Spain,1.61530715,0.205252903,,
2022,HIGH,Mexico,Spain,1.662385321,0.029145027,,
2019,HIGH,Mexico,United States,1.888988362,,,
2020,HIGH,Mexico,United States,1.499401484,-0.206241015,,
2020,LOW,Mexico,United States,1.20855615,,,
2020,MEDIUM,Mexico,United States,1.278752437,,,
2021,LOW,Mexico,United States,1.846456693,0.527820361,,
2021,HIGH,Mexico,United States,1.939524291,0.293532327,,
2022,HIGH,Mexico,United States,2.246681416,0.158367248,,
2022,LOW,Mexico,United States,2.046801872,0.108502506,,
2020,HIGH,Morocco,France,4.419786096,,,
2021,HIGH,Morocco,France,3.729861676,-0.156099052,,
2022,HIGH,Morocco,France,3.393042191,-0.090303479,,
2020,HIGH,Netherlands,Belgium,0.887179487,,,
2021,HIGH,Netherlands,Belgium,0.955331412,0.076818644,,
2022,HIGH,Netherlands,Belgium,1.053250346,0.102497345,,
2020,HIGH,Netherlands,France,0.757527734,,,
2021,HIGH,Netherlands,France,0.758832565,0.001722487,,
2022,HIGH,Netherlands,France,0.79857513,0.052373298,,
2020,HIGH,Netherlands,Germany,0.958256372,,,
2021,HIGH,Netherlands,Germany,1.004390779,0.048144117,,
2022,HIGH,Netherlands,Germany,0.908972692,-0.095000959,,
2020,HIGH,Netherlands,India,0.5332397,,,
2021,HIGH,Netherlands,India,0.43452381,-0.185124796,,
2022,HIGH,Netherlands,India,0.268100358,-0.383001915,,
2020,HIGH,Netherlands,Italy,0.654320988,,,
2021,HIGH,Netherlands,Italy,0.694208494,0.060960152,,
2022,HIGH,Netherlands,Italy,0.566413107,-0.184087905,,
2022,HIGH,Netherlands,Portugal,0.636160714,,,
2020,HIGH,Netherlands,Spain,0.832539142,,,
2021,HIGH,Netherlands,Spain,1.018855219,0.223792573,,
2022,HIGH,Netherlands,Spain,0.954449153,-0.06321415,,
2020,HIGH,Netherlands,Switzerland,1.302608696,,,
2021,HIGH,Netherlands,Switzerland,1.520874751,0.167560724,,
2022,HIGH,Netherlands,Switzerland,1.520720721,-0.000101278,,
2022,HIGH,Netherlands,Turkey,0.23952514,,,
2022,HIGH,Netherlands,United Arab Emirates,0.80030722,,,
2020,HIGH,Netherlands,United Kingdom,0.607338445,,,
2021,HIGH,Netherlands,United Kingdom,0.703227828,0.157884594,,
2022,HIGH,Netherlands,United Kingdom,0.833628946,0.18543225,,
2020,HIGH,Netherlands,United States,0.675738725,,,
2021,HIGH,Netherlands,United States,0.773537951,0.14472935,,
2022,HIGH,Netherlands,United States,0.943443653,0.219647532,,
2019,HIGH,New Zealand,Australia,1.623689081,,,
2020,HIGH,New Zealand,Australia,0.886915549,-0.453765158,,
2021,HIGH,New Zealand,Australia,1.197098549,0.349732283,,
2022,HIGH,New Zealand,Australia,2.00067659,0.671271418,,
2019,HIGH,New Zealand,United Kingdom,0.766642282,,,
2020,HIGH,New Zealand,United Kingdom,0.531672598,-0.306491945,,
2021,HIGH,New Zealand,United Kingdom,0.422170901,-0.205957007,,
2022,HIGH,New Zealand,United Kingdom,1.264860798,1.996087119,,
2019,HIGH,New Zealand,United States,1.015277778,,,
2020,HIGH,New Zealand,United States,0.663072776,-0.346905063,,
2021,HIGH,New Zealand,United States,0.973856209,0.468701844,,
2022,HIGH,New Zealand,United States,1.153846154,0.18482189,,
2022,HIGH,Nigeria,Canada,6.858773181,,,
2020,HIGH,Nigeria,United Kingdom,1.624823695,,,
2021,HIGH,Nigeria,United Kingdom,3.960969044,1.4377839,,
2022,HIGH,Nigeria,United Kingdom,4.661642205,0.176894379,,
2019,HIGH,Nigeria,United States,3.637200737,,,
2020,HIGH,Nigeria,United States,1.873767258,-0.484832597,,
2021,HIGH,Nigeria,United States,3.203968254,0.709907268,,
2022,HIGH,Nigeria,United States,2.198207171,-0.313911064,,
2020,HIGH,Pakistan,Saudi Arabia,1.138170974,,,
2021,HIGH,Pakistan,Saudi Arabia,1.098970705,-0.034441459,,
2022,HIGH,Pakistan,Saudi Arabia,2.639047619,1.401381227,,
2019,HIGH,Pakistan,United Arab Emirates,1.596858639,,,
2020,HIGH,Pakistan,United Arab Emirates,1.209497207,-0.242577159,,
2021,LOW,Pakistan,United Arab Emirates,1.461956522,,,
2021,HIGH,Pakistan,United Arab Emirates,1.199404762,-0.008344331,,
2022,HIGH,Pakistan,United Arab Emirates,2.315943728,0.9309109,,
2022,LOW,Pakistan,United Arab Emirates,2.801948052,0.916574132,,
2022,MEDIUM,Pakistan,United Arab Emirates,2.705440901,,,
2020,HIGH,Pakistan,United Kingdom,2.356918239,,,
2021,HIGH,Pakistan,United Kingdom,3.061484919,0.298935563,,
2022,HIGH,Pakistan,United Kingdom,3.903723887,0.275107992,,
2020,HIGH,Pakistan,United States,2.043441227,,,
2021,HIGH,Pakistan,United States,2.292351275,0.121809252,,
2022,HIGH,Pakistan,United States,2.1668589,-0.054743955,,
2022,HIGH,Peru,Spain,1.8599182,,,
2020,HIGH,Peru,United States,1.521912351,,,
2022,HIGH,Peru,United States,1.717808219,,,
2022,HIGH,Philippines,Australia,3.891221374,,,
2019,HIGH,Philippines,Singapore,0.82422452,,,
2020,HIGH,Philippines,Singapore,0.860787172,0.044360064,,
2021,HIGH,Philippines,Singapore,0.703703704,-0.182488161,,
2022,HIGH,Philippines,Singapore,1.453591606,1.065630177,,
2019,HIGH,Philippines,United Arab Emirates,0.797619048,,,
2020,HIGH,Philippines,United Arab Emirates,0.716756112,-0.101380397,,
2020,LOW,Philippines,United Arab Emirates,0.699472759,,,
2020,MEDIUM,Philippines,United Arab Emirates,1.032154341,,,
2021,HIGH,Philippines,United Arab Emirates,0.681630242,-0.049006725,,
2021,MEDIUM,Philippines,United Arab Emirates,0.813124108,-0.212206861,,
2021,LOW,Philippines,United Arab Emirates,0.586391437,-0.161666513,,
2022,HIGH,Philippines,United Arab Emirates,1.259109312,0.847202829,,
2022,LOW,Philippines,United Arab Emirates,1.30020284,1.217295064,,
2022,MEDIUM,Philippines,United Arab Emirates,1.415770609,0.741149469,,
2019,HIGH,Philippines,United States,2.237104072,,,
2020,HIGH,Philippines,United States,1.894767442,-0.15302669,,
2021,HIGH,Philippines,United States,2.078164397,0.096791274,,
2022,HIGH,Philippines,United States,2.045028818,-0.015944638,,
2022,LOW,Philippines,United States,1.901428571,,,
2019,HIGH,Poland,Germany,1.782764811,,,
2020,HIGH,Poland,Germany,1.407608696,-0.210435002,,
2021,HIGH,Poland,Germany,1.56398641,0.111094592,,
2022,HIGH,Poland,Germany,1.818099548,0.162477842,,
2022,HIGH,Poland,Spain,1.568791946,,,
2021,HIGH,Poland,Ukraine,0.532467532,,,
2022,HIGH,Poland,Ukraine,0.240153173,-0.548980627,,
2019,HIGH,Poland,United Kingdom,0.651528384,,,
2020,HIGH,Poland,United Kingdom,0.738979693,0.134224864,,
2021,HIGH,Poland,United Kingdom,0.65885947,-0.10842006,,
2022,HIGH,Poland,United Kingdom,1.03484938,0.570667838,,
2020,HIGH,Poland,United States,0.983935743,,,
2021,HIGH,Poland,United States,1.046052632,0.063131042,,
2022,HIGH,Poland,United States,1.537243948,0.469566541,,
2020,HIGH,Portugal,Brazil,0.428040673,,,
2021,HIGH,Portugal,Brazil,0.381766382,-0.108107229,,
2021,LOW,Portugal,Brazil,0.37185588,,,
2022,HIGH,Portugal,Brazil,0.301371403,-0.210586848,,
2022,LOW,Portugal,Brazil,0.209242917,-0.437301041,,
2020,HIGH,Portugal,France,0.850226929,,,
2021,HIGH,Portugal,France,0.828492393,-0.025563218,,
2022,HIGH,Portugal,France,0.903110048,0.090064382,,
2020,HIGH,Portugal,Germany,1.158730159,,,
2021,HIGH,Portugal,Germany,1.065789474,-0.080209084,,
2022,HIGH,Portugal,Germany,0.943214629,-0.115008496,,
2022,HIGH,Portugal,Netherlands,1.571929825,,,
2020,HIGH,Portugal,Spain,0.869312682,,,
2021,HIGH,Portugal,Spain,1.054054054,0.212514296,,
2022,HIGH,Portugal,Spain,1.175408426,0.115131071,,
2020,HIGH,Portugal,United Kingdom,0.848191214,,,
2021,HIGH,Portugal,United Kingdom,0.726557377,-0.143403793,,
2022,HIGH,Portugal,United Kingdom,0.790531777,0.088051408,,
2022,HIGH,Portugal,United States,0.682727273,,,
2019,HIGH,Puerto Rico,United States,1.331395349,,,
2020,HIGH,Puerto Rico,United States,1.291194969,-0.030194172,,
2021,HIGH,Puerto Rico,United States,1.355555556,0.049845754,,
2022,HIGH,Puerto Rico,United States,1.47606383,0.088899547,,
2019,HIGH,Qatar,India,1.420192308,,,
2020,HIGH,Qatar,India,0.914226804,-0.356265487,,
2021,HIGH,Qatar,India,0.8510335,-0.069122131,,
2021,MEDIUM,Qatar,India,0.776315789,,,
2022,HIGH,Qatar,India,0.52433281,-0.383886991,,
2020,HIGH,Qatar,United Arab Emirates,1.121298949,,,
2021,HIGH,Qatar,United Arab Emirates,1.00539707,-0.103363942,,
2022,HIGH,Qatar,United Arab Emirates,0.837050805,-0.167442565,,
2020,HIGH,Romania,United Kingdom,1.303030303,,,
2021,HIGH,Romania,United Kingdom,0.954034729,-0.267833812,,
2022,HIGH,Romania,United Kingdom,1.007017544,0.05553552,,
2019,HIGH,Saudi Arabia,Egypt,0.670984456,,,
2020,HIGH,Saudi Arabia,Egypt,1.192974848,0.777947071,,
2021,HIGH,Saudi Arabia,Egypt,0.977028206,-0.181015252,,
2021,MEDIUM,Saudi Arabia,Egypt,0.73974359,,,
2022,HIGH,Saudi Arabia,Egypt,0.520890774,-0.466862092,,
2019,HIGH,Saudi Arabia,India,1.023336643,,,
2020,MEDIUM,Saudi Arabia,India,0.88253012,,,
2020,HIGH,Saudi Arabia,India,0.949362606,-0.072287099,,
2020,LOW,Saudi Arabia,India,1.001785714,,,
2021,HIGH,Saudi Arabia,India,1.188405797,0.25179335,,
2021,LOW,Saudi Arabia,India,1.142405063,0.140368691,,
2021,MEDIUM,Saudi Arabia,India,0.980222497,0.110695799,,
2022,HIGH,Saudi Arabia,India,0.51637576,-0.56548869,,
2022,LOW,Saudi Arabia,India,0.49025721,-0.570855185,,
2022,MEDIUM,Saudi Arabia,India,0.494608196,-0.49541232,,
2020,HIGH,Saudi Arabia,Jordan,0.797157623,,,
2021,HIGH,Saudi Arabia,Jordan,0.589822668,-0.260092796,,
2022,HIGH,Saudi Arabia,Jordan,0.508220157,-0.138350923,,
2020,HIGH,Saudi Arabia,Pakistan,0.87860262,,,
2021,HIGH,Saudi Arabia,Pakistan,0.909942363,0.035669986,,
2022,HIGH,Saudi Arabia,Pakistan,0.378924576,-0.583572992,,
2019,HIGH,Saudi Arabia,United Arab Emirates,0.910746812,,,
2020,HIGH,Saudi Arabia,United Arab Emirates,1.008566533,0.107406054,,
2021,HIGH,Saudi Arabia,United Arab Emirates,0.932829889,-0.075093355,,
2022,HIGH,Saudi Arabia,United Arab Emirates,0.708571429,-0.240406598,,
2022,LOW,Saudi Arabia,United Arab Emirates,0.980633803,,,
2022,MEDIUM,Saudi Arabia,United Arab Emirates,0.902796272,,,
2020,HIGH,Saudi Arabia,United Kingdom,0.945744681,,,
2021,HIGH,Saudi Arabia,United Kingdom,1.037523452,0.09704392,,
2022,HIGH,Saudi Arabia,United Kingdom,0.95984556,-0.074868565,,
2019,HIGH,Saudi Arabia,United States,0.625837904,,,
2020,HIGH,Saudi Arabia,United States,0.3860969,-0.383072041,,
2021,HIGH,Saudi Arabia,United States,0.5948851,0.540766319,,
2022,HIGH,Saudi Arabia,United States,0.741920801,0.247166555,,
2019,HIGH,Singapore,Australia,2.460431655,,,
2020,HIGH,Singapore,Australia,1.381275441,-0.438604426,,
2021,HIGH,Singapore,Australia,1.596419854,0.155757792,,
2022,HIGH,Singapore,Australia,1.811176969,0.134524207,,
2020,HIGH,Singapore,China,0.758943782,,,
2021,HIGH,Singapore,China,0.734931951,-0.031638485,,
2022,HIGH,Singapore,China,0.703463203,-0.042818586,,
2022,HIGH,Singapore,France,0.980427046,,,
2019,HIGH,Singapore,India,1.109216835,,,
2020,HIGH,Singapore,India,0.759802823,-0.315009655,,
2021,HIGH,Singapore,India,1.20291616,0.583195171,,
2022,HIGH,Singapore,India,0.495198265,-0.58833518,,
2020,HIGH,Singapore,Indonesia,1.001373626,,,
2021,HIGH,Singapore,Indonesia,1.099730458,0.098221912,,
2022,HIGH,Singapore,Indonesia,0.714424951,-0.350363586,,
2020,HIGH,Singapore,Japan,1.1617357,,,
2021,HIGH,Singapore,Japan,1.303571429,0.122089498,,
2022,HIGH,Singapore,Japan,0.934504792,-0.283119611,,
2019,HIGH,Singapore,Malaysia,0.51863354,,,
2020,HIGH,Singapore,Malaysia,0.425014646,-0.180510683,,
2021,HIGH,Singapore,Malaysia,0.504369538,0.18671096,,
2022,HIGH,Singapore,Malaysia,0.309210526,-0.386936555,,
2019,HIGH,Singapore,Philippines,1.213261649,,,
2020,HIGH,Singapore,Philippines,1.16172735,-0.042475833,,
2021,HIGH,Singapore,Philippines,1.421052632,0.223223876,,
2022,HIGH,Singapore,Philippines,0.687951138,-0.515886236,,
2022,HIGH,Singapore,United Arab Emirates,1.380417335,,,
2019,HIGH,Singapore,United Kingdom,0.917414722,,,
2020,HIGH,Singapore,United Kingdom,1.136024845,0.238289312,,
2021,HIGH,Singapore,United Kingdom,1.598124098,0.406768616,,
2022,HIGH,Singapore,United Kingdom,1.369304556,-0.143180083,,
2019,HIGH,Singapore,United States,2.453521127,,,
2020,HIGH,Singapore,United States,1.116806309,-0.54481488,,
2021,HIGH,Singapore,United States,1.421351212,0.272692678,,
2022,HIGH,Singapore,United States,1.328358209,-0.065425774,,
2019,HIGH,South Africa,United Kingdom,2.001960784,,,
2020,HIGH,South Africa,United Kingdom,2.855570839,0.426387001,,
2021,HIGH,South Africa,United Kingdom,2.728767123,-0.044405733,,
2022,HIGH,South Africa,United Kingdom,3.150449102,0.15453205,,
2019,HIGH,South Africa,United States,0.857988166,,,
2020,HIGH,South Africa,United States,0.869918699,0.013905243,,
2021,HIGH,South Africa,United States,0.890052356,0.023144297,,
2022,HIGH,South Africa,United States,1.452863436,0.632334802,,
2019,HIGH,Spain,Argentina,0.181398417,,,
2020,HIGH,Spain,Argentina,0.295495495,0.628986077,,
2021,HIGH,Spain,Argentina,0.192165677,-0.349683228,,
2022,HIGH,Spain,Argentina,0.290633609,0.512411654,,
2019,HIGH,Spain,Australia,1.086355786,,,
2019,HIGH,Spain,Belgium,1.119808307,,,
2020,HIGH,Spain,Belgium,1.136882129,0.015247094,,
2021,HIGH,Spain,Belgium,1.009485095,-0.112058261,,
2022,HIGH,Spain,Belgium,1.149014778,0.138218666,,
2020,HIGH,Spain,Brazil,0.52238806,,,
2021,HIGH,Spain,Brazil,0.540747843,0.03514587,,
2022,HIGH,Spain,Brazil,0.51552795,-0.046638915,,
2022,HIGH,Spain,Canada,1.197440585,,,
2020,HIGH,Spain,Chile,0.498242531,,,
2022,HIGH,Spain,Chile,0.39516129,,,
2020,HIGH,Spain,Colombia,0.495176849,,,
2021,HIGH,Spain,Colombia,0.347026102,-0.299187548,,
2022,HIGH,Spain,Colombia,0.32063197,-0.076058059,,
2019,HIGH,Spain,France,0.940843845,,,
2020,HIGH,Spain,France,1.035952064,0.101088208,,
2021,HIGH,Spain,France,0.970037453,-0.063627086,,
2022,HIGH,Spain,France,0.898305085,-0.07394804,,
2022,LOW,Spain,France,0.867867868,,,
2019,HIGH,Spain,Germany,1.065637066,,,
2020,HIGH,Spain,Germany,1.283438155,0.204385805,,
2021,HIGH,Spain,Germany,1.194915254,-0.06897325,,
2022,HIGH,Spain,Germany,0.998370805,-0.164484007,,
2020,HIGH,Spain,Ireland,0.91124871,,,
2021,HIGH,Spain,Ireland,0.752545027,-0.174160666,,
2022,HIGH,Spain,Ireland,1.025757576,0.36305143,,
2019,HIGH,Spain,Italy,0.587628866,,,
2020,HIGH,Spain,Italy,0.86325188,0.469042672,,
2020,LOW,Spain,Italy,0.841554559,,,
2021,HIGH,Spain,Italy,0.766073871,-0.11257202,,
2022,LOW,Spain,Italy,0.584269663,,,
2022,HIGH,Spain,Italy,0.60354447,-0.212158915,,
2019,HIGH,Spain,Mexico,0.558596074,,,
2020,HIGH,Spain,Mexico,0.746144721,0.335750028,,
2021,HIGH,Spain,Mexico,0.619077307,-0.170298618,,
2022,HIGH,Spain,Mexico,0.601545254,-0.02831965,,
2020,HIGH,Spain,Netherlands,1.201144726,,,
2021,HIGH,Spain,Netherlands,0.981493721,-0.182868059,,
2022,HIGH,Spain,Netherlands,1.04772475,0.06747983,,
2022,HIGH,Spain,Peru,0.537658054,,,
2022,HIGH,Spain,Poland,0.637433155,,,
2020,HIGH,Spain,Portugal,1.150334076,,,
2021,HIGH,Spain,Portugal,0.948717949,-0.175267456,,
2022,HIGH,Spain,Portugal,0.850768105,-0.10324443,,
2022,HIGH,Spain,Sweden,0.921182266,,,
2019,HIGH,Spain,Switzerland,1.197389886,,,
2020,HIGH,Spain,Switzerland,1.54853621,0.293259804,,
2021,HIGH,Spain,Switzerland,1.543209877,-0.003439592,,
2022,HIGH,Spain,Switzerland,1.489440994,-0.034842236,,
2019,HIGH,Spain,United Kingdom,0.580359029,,,
2019,LOW,Spain,United Kingdom,0.667828107,,,
2020,HIGH,Spain,United Kingdom,0.743671807,0.281399565,,
2020,LOW,Spain,United Kingdom,0.83197026,0.245785033,,
2020,MEDIUM,Spain,United Kingdom,0.76097561,,,
2021,HIGH,Spain,United Kingdom,0.620330889,-0.165853965,,
2021,LOW,Spain,United Kingdom,0.674012856,-0.189859436,,
2022,LOW,Spain,United Kingdom,0.869169511,0.28954441,,
2022,HIGH,Spain,United Kingdom,0.778246884,0.254567358,,
2019,HIGH,Spain,United States,0.844689994,,,
2020,HIGH,Spain,United States,0.797845899,-0.055457144,,
2021,HIGH,Spain,United States,0.909090909,0.1394317,,
2022,HIGH,Spain,United States,1.046632124,0.151295337,,
2020,HIGH,Sweden,Denmark,0.93687231,,,
2021,HIGH,Sweden,Denmark,1.111111111,0.185979241,,
2022,HIGH,Sweden,Denmark,1.336298932,0.202669039,,
2020,HIGH,Sweden,Germany,0.931567329,,,
2021,HIGH,Sweden,Germany,0.902240326,-0.031481356,,
2022,HIGH,Sweden,Germany,0.887562189,-0.016268544,,
2020,HIGH,Sweden,India,0.373453318,,,
2021,HIGH,Sweden,India,0.341695936,-0.085037088,,
2022,HIGH,Sweden,India,0.23651772,-0.307812313,,
2022,HIGH,Sweden,Spain,1.085561497,,,
2020,HIGH,Sweden,United Kingdom,0.6169279,,,
2021,HIGH,Sweden,United Kingdom,0.641077441,0.039144836,,
2022,HIGH,Sweden,United Kingdom,0.838709677,0.308281377,,
2020,HIGH,Sweden,United States,0.679331307,,,
2021,HIGH,Sweden,United States,0.616552771,-0.092412251,,
2022,HIGH,Sweden,United States,1.083172147,0.756819849,,
2019,HIGH,Switzerland,France,0.634315425,,,
2020,HIGH,Switzerland,France,0.55344694,-0.127489386,,
2021,LOW,Switzerland,France,0.512658228,,,
2021,HIGH,Switzerland,France,0.501328778,-0.094170116,,
2022,HIGH,Switzerland,France,0.450485437,-0.10141716,,
2022,LOW,Switzerland,France,0.499666889,-0.025341131,,
2022,MEDIUM,Switzerland,France,0.468117029,,,
2019,HIGH,Switzerland,Germany,0.687693259,,,
2020,HIGH,Switzerland,Germany,0.610508033,-0.112237869,,
2021,HIGH,Switzerland,Germany,0.556810631,-0.087955275,,
2022,HIGH,Switzerland,Germany,0.476889933,-0.143532995,,
2019,HIGH,Switzerland,Italy,0.49968494,,,
2020,HIGH,Switzerland,Italy,0.518190299,0.037034053,,
2021,HIGH,Switzerland,Italy,0.561481481,0.083543021,,
2022,HIGH,Switzerland,Italy,0.407493241,-0.274253463,,
2020,HIGH,Switzerland,Netherlands,0.767690254,,,
2021,HIGH,Switzerland,Netherlands,0.65751634,-0.143513498,,
2022,HIGH,Switzerland,Netherlands,0.657582938,0.000101288,,
2019,HIGH,Switzerland,Spain,0.835149864,,,
2020,HIGH,Switzerland,Spain,0.645771144,-0.226760163,,
2021,HIGH,Switzerland,Spain,0.648,0.003451464,,
2022,HIGH,Switzerland,Spain,0.671392827,0.036100042,,
2019,HIGH,Switzerland,United Kingdom,0.502430134,,,
2020,HIGH,Switzerland,United Kingdom,0.554283732,0.10320559,,
2021,HIGH,Switzerland,United Kingdom,0.615662651,0.110735558,,
2022,HIGH,Switzerland,United Kingdom,0.70702403,0.148395195,,
2019,HIGH,Switzerland,United States,1.021867612,,,
2020,HIGH,Switzerland,United States,0.71773113,-0.297628067,,
2021,HIGH,Switzerland,United States,0.741092637,0.032549106,,
2022,HIGH,Switzerland,United States,0.942244224,0.2714257,,
2020,HIGH,Thailand,United Kingdom,0.873762376,,,
2021,HIGH,Thailand,United Kingdom,0.982733813,0.124715185,,
2022,HIGH,Thailand,United Kingdom,1.116687578,0.136307272,,
2019,HIGH,Thailand,United States,1.181102362,,,
2020,HIGH,Thailand,United States,1.076751947,-0.088350019,,
2021,HIGH,Thailand,United States,1.298524404,0.205964297,,
2022,HIGH,Thailand,United States,1.476732161,0.137238666,,
2020,HIGH,Tunisia,France,4.835526316,,,
2021,HIGH,Tunisia,France,4.305246423,-0.109663325,,
2022,HIGH,Tunisia,France,4.951351351,0.150073855,,
2020,HIGH,Turkey,Germany,2.970212766,,,
2021,HIGH,Turkey,Germany,3.532098765,0.189173653,,
2022,HIGH,Turkey,Germany,3.514306152,-0.005037406,,
2022,HIGH,Turkey,Netherlands,4.174927114,,,
2021,HIGH,Turkey,United Arab Emirates,1.283524904,,,
2022,HIGH,Turkey,United Arab Emirates,1.935483871,0.50794415,,
2020,HIGH,Turkey,United Kingdom,2.518151815,,,
2021,HIGH,Turkey,United Kingdom,2.874439462,0.141487755,,
2022,HIGH,Turkey,United Kingdom,2.538732394,-0.116790446,,
2019,HIGH,Turkey,United States,2.180089485,,,
2020,HIGH,Turkey,United States,1.311535636,-0.398402843,,
2021,HIGH,Turkey,United States,1.728949479,0.31826344,,
2022,HIGH,Turkey,United States,1.874220963,0.084022978,,
2022,HIGH,Ukraine,Germany,5.27795874,,,
2021,HIGH,Ukraine,Poland,1.87804878,,,
2022,HIGH,Ukraine,Poland,4.164009112,1.217199657,,
2022,HIGH,Ukraine,United Kingdom,5.96969697,,,
2020,HIGH,Ukraine,United States,1.983392645,,,
2021,HIGH,Ukraine,United States,2.077380952,0.047387645,,
2022,HIGH,Ukraine,United States,3.785714286,0.82234957,,
2021,HIGH,United Arab Emirates,Australia,1.690346084,,,
2022,HIGH,United Arab Emirates,Australia,1.834848485,0.085486873,,
2020,HIGH,United Arab Emirates,Canada,3.661654135,,,
2021,HIGH,United Arab Emirates,Canada,2.798530955,-0.235719472,,
2022,HIGH,United Arab Emirates,Canada,2.527583528,-0.096817735,,
2020,HIGH,United Arab Emirates,Egypt,0.816835542,,,
2021,HIGH,United Arab Emirates,Egypt,0.660732714,-0.191106801,,
2021,LOW,United Arab Emirates,Egypt,0.490366089,,,
2022,HIGH,United Arab Emirates,Egypt,0.478151788,-0.276330992,,
2022,LOW,United Arab Emirates,Egypt,0.396872673,-0.190660443,,
2020,HIGH,United Arab Emirates,France,1.312236287,,,
2021,HIGH,United Arab Emirates,France,0.85841496,-0.345838117,,
2022,HIGH,United Arab Emirates,France,0.713636364,-0.168658054,,
2021,HIGH,United Arab Emirates,Germany,1.690938511,,,
2022,HIGH,United Arab Emirates,Germany,1.161117078,-0.313329804,,
2019,HIGH,United Arab Emirates,India,1.472351421,,,
2019,LOW,United Arab Emirates,India,1.412803532,,,
2019,MEDIUM,United Arab Emirates,India,1.290528233,,,
2020,MEDIUM,United Arab Emirates,India,0.570779915,-0.557716058,,
2020,LOW,United Arab Emirates,India,0.64358209,-0.544464552,,
2020,HIGH,United Arab Emirates,India,0.724780395,-0.507739535,,
2021,MEDIUM,United Arab Emirates,India,0.452334944,-0.207514259,,
2021,LOW,United Arab Emirates,India,0.474400408,-0.262875061,,
2021,HIGH,United Arab Emirates,India,0.617661329,-0.147795203,,
2022,HIGH,United Arab Emirates,India,0.48517273,-0.214500395,,
2022,LOW,United Arab Emirates,India,0.417040359,-0.120910624,,
2022,MEDIUM,United Arab Emirates,India,0.383884501,-0.151326894,,
2020,HIGH,United Arab Emirates,Jordan,0.770594369,,,
2021,HIGH,United Arab Emirates,Jordan,0.576848875,-0.25142345,,
2022,HIGH,United Arab Emirates,Jordan,0.500643501,-0.132106306,,
2021,HIGH,United Arab Emirates,Lebanon,0.185164683,,,
2022,HIGH,United Arab Emirates,Lebanon,0.259405231,0.400943348,,
2022,HIGH,United Arab Emirates,Netherlands,1.249520154,,,
2019,HIGH,United Arab Emirates,Pakistan,0.626229508,,,
2020,HIGH,United Arab Emirates,Pakistan,0.826789838,0.320266496,,
2021,HIGH,United Arab Emirates,Pakistan,0.833746898,0.008414545,,
2021,LOW,United Arab Emirates,Pakistan,0.68401487,,,
2022,HIGH,United Arab Emirates,Pakistan,0.43178942,-0.482109713,,
2022,LOW,United Arab Emirates,Pakistan,0.356894554,-0.478235679,,
2022,MEDIUM,United Arab Emirates,Pakistan,0.36962552,,,
2019,HIGH,United Arab Emirates,Philippines,1.253731343,,,
2020,HIGH,United Arab Emirates,Philippines,1.395174709,0.112817923,,
2020,LOW,United Arab Emirates,Philippines,1.429648241,,,
2020,MEDIUM,United Arab Emirates,Philippines,0.968847352,,,
2021,LOW,United Arab Emirates,Philippines,1.705345502,0.192842724,,
2021,HIGH,United Arab Emirates,Philippines,1.467071057,0.051532147,,
2021,MEDIUM,United Arab Emirates,Philippines,1.229824561,0.26936876,,
2022,HIGH,United Arab Emirates,Philippines,0.794212219,-0.458640933,,
2022,LOW,United Arab Emirates,Philippines,0.769110764,-0.549000033,,
2022,MEDIUM,United Arab Emirates,Philippines,0.706329114,-0.425666769,,
2020,HIGH,United Arab Emirates,Qatar,0.891822828,,,
2021,HIGH,United Arab Emirates,Qatar,0.994631902,0.115279707,,
2022,HIGH,United Arab Emirates,Qatar,1.194670614,0.201118335,,
2019,HIGH,United Arab Emirates,Saudi Arabia,1.098,,,
2020,HIGH,United Arab Emirates,Saudi Arabia,0.991506229,-0.096988863,,
2021,HIGH,United Arab Emirates,Saudi Arabia,1.072006817,0.081190199,,
2022,HIGH,United Arab Emirates,Saudi Arabia,1.411290323,0.316493795,,
2022,LOW,United Arab Emirates,Saudi Arabia,1.019748654,,,
2022,MEDIUM,United Arab Emirates,Saudi Arabia,1.107669617,,,
2022,HIGH,United Arab Emirates,Singapore,0.724418605,,,
2021,HIGH,United Arab Emirates,Turkey,0.779104478,,,
2022,HIGH,United Arab Emirates,Turkey,0.516666667,-0.336845466,,
2019,HIGH,United Arab Emirates,United Kingdom,1.345738295,,,
2020,HIGH,United Arab Emirates,United Kingdom,1.421172638,0.056054244,,
2021,HIGH,United Arab Emirates,United Kingdom,1.211661957,-0.147420993,,
2022,HIGH,United Arab Emirates,United Kingdom,1.084638861,-0.104833775,,
2022,LOW,United Arab Emirates,United Kingdom,1.533333333,,,
2022,MEDIUM,United Arab Emirates,United Kingdom,1.683098592,,,
2019,HIGH,United Arab Emirates,United States,3.433098592,,,
2020,HIGH,United Arab Emirates,United States,1.345098039,-0.608197084,,
2021,HIGH,United Arab Emirates,United States,1.52183701,0.131394862,,
2022,HIGH,United Arab Emirates,United States,1.320117474,-0.132550027,,
2019,HIGH,United Kingdom,Australia,1.764660494,,,
2020,HIGH,United Kingdom,Australia,1.230722154,-0.302572841,,
2020,LOW,United Kingdom,Australia,1.147135417,,,
2020,MEDIUM,United Kingdom,Australia,1.135614702,,,
2021,HIGH,United Kingdom,Australia,1.498805415,0.217825982,,
2022,LOW,United Kingdom,Australia,1.694756554,,,
2022,MEDIUM,United Kingdom,Australia,1.621359223,,,
2022,HIGH,United Kingdom,Australia,1.244214876,-0.169862303,,
2019,HIGH,United Kingdom,Belgium,1.427767355,,,
2020,HIGH,United Kingdom,Belgium,1.24925816,-0.125026808,,
2021,HIGH,United Kingdom,Belgium,1.203051643,-0.036987164,,
2022,HIGH,United Kingdom,Belgium,1.021226415,-0.151136677,,
2020,HIGH,United Kingdom,Brazil,0.528774929,,,
2021,HIGH,United Kingdom,Brazil,0.600143062,0.134968829,,
2022,HIGH,United Kingdom,Brazil,0.591549296,-0.014319529,,
2019,HIGH,United Kingdom,Canada,1.535766423,,,
2020,HIGH,United Kingdom,Canada,1.292925702,-0.158123473,,
2021,HIGH,United Kingdom,Canada,1.08700361,-0.15926831,,
2022,HIGH,United Kingdom,Canada,1.173581148,0.079647885,,
2019,HIGH,United Kingdom,China,0.743951613,,,
2020,HIGH,United Kingdom,China,1.182687201,0.589736726,,
2021,HIGH,United Kingdom,China,0.739921977,-0.374372213,,
2022,HIGH,United Kingdom,China,0.582877248,-0.212244985,,
2022,HIGH,United Kingdom,Cyprus,1.333333333,,,
2020,HIGH,United Kingdom,Denmark,1.70545977,,,
2021,HIGH,United Kingdom,Denmark,1.87040619,0.096716687,,
2022,HIGH,United Kingdom,Denmark,1.31443299,-0.297247305,,
2019,HIGH,United Kingdom,France,1.754958131,,,
2020,HIGH,United Kingdom,France,1.388292485,-0.208931278,,
2020,LOW,United Kingdom,France,1.619130435,,,
2021,LOW,United Kingdom,France,1.43594306,-0.113139356,,
2021,HIGH,United Kingdom,France,1.517367906,0.092974227,,
2022,HIGH,United Kingdom,France,1.118439387,-0.262908236,,
2022,LOW,United Kingdom,France,1.273049645,-0.113440024,,
2019,HIGH,United Kingdom,Germany,1.982604112,,,
2020,HIGH,United Kingdom,Germany,1.619571046,-0.183109207,,
2021,HIGH,United Kingdom,Germany,1.455822118,-0.101106356,,
2022,HIGH,United Kingdom,Germany,1.037335286,-0.287457394,,
2020,HIGH,United Kingdom,Greece,1.080297398,,,
2021,HIGH,United Kingdom,Greece,1.295620438,0.199318299,,
2022,HIGH,United Kingdom,Greece,1.165048544,-0.100779434,,
2019,HIGH,United Kingdom,India,0.636342403,,,
2020,HIGH,United Kingdom,India,0.536813187,-0.156408273,,
2021,HIGH,United Kingdom,India,0.345346891,-0.356672116,,
2021,MEDIUM,United Kingdom,India,0.287526427,,,
2022,MEDIUM,United Kingdom,India,0.195834733,-0.318898318,,
2022,HIGH,United Kingdom,India,0.216920779,-0.371875687,,
2019,HIGH,United Kingdom,Ireland,1.001204819,,,
2020,HIGH,United Kingdom,Ireland,1.373182553,0.371530107,,
2021,HIGH,United Kingdom,Ireland,0.930543447,-0.322345419,,
2022,HIGH,United Kingdom,Ireland,0.84440886,-0.092563745,,
2019,LOW,United Kingdom,Italy,1.052969502,,,
2019,HIGH,United Kingdom,Italy,0.971553611,,,
2020,HIGH,United Kingdom,Italy,1.106119287,0.138505663,,
2020,LOW,United Kingdom,Italy,1.072,0.018073171,,
2020,MEDIUM,United Kingdom,Italy,1.105263158,,,
2021,LOW,United Kingdom,Italy,1.475138122,0.376061681,,
2021,HIGH,United Kingdom,Italy,1.349448987,0.219985043,,
2022,LOW,United Kingdom,Italy,1.317939609,-0.106565284,,
2022,HIGH,United Kingdom,Italy,1.07641196,-0.202332233,,
2020,HIGH,United Kingdom,Japan,1.17513369,,,
2021,HIGH,United Kingdom,Japan,0.867699642,-0.261616231,,
2022,HIGH,United Kingdom,Japan,1.018669778,0.173988934,,
2020,HIGH,United Kingdom,Malaysia,1.404736276,,,
2021,HIGH,United Kingdom,Malaysia,0.845753899,-0.397926918,,
2022,HIGH,United Kingdom,Malaysia,0.567164179,-0.329398092,,
2020,HIGH,United Kingdom,Netherlands,1.646528404,,,
2021,HIGH,United Kingdom,Netherlands,1.42201426,-0.136356071,,
2022,HIGH,United Kingdom,Netherlands,1.199574468,-0.156425852,,
2019,HIGH,United Kingdom,New Zealand,1.304389313,,,
2020,HIGH,United Kingdom,New Zealand,1.88085676,0.44194432,,
2021,HIGH,United Kingdom,New Zealand,2.368708972,0.259377652,,
2022,HIGH,United Kingdom,New Zealand,0.790600833,-0.666231334,,
2020,HIGH,United Kingdom,Nigeria,0.615451389,,,
2021,HIGH,United Kingdom,Nigeria,0.252463473,-0.589791367,,
2022,HIGH,United Kingdom,Nigeria,0.214516678,-0.150306079,,
2020,HIGH,United Kingdom,Pakistan,0.424282855,,,
2021,HIGH,United Kingdom,Pakistan,0.326638878,-0.23013887,,
2022,HIGH,United Kingdom,Pakistan,0.256165658,-0.2157527,,
2019,HIGH,United Kingdom,Poland,1.534852547,,,
2020,HIGH,United Kingdom,Poland,1.353217158,-0.118340611,,
2021,HIGH,United Kingdom,Poland,1.517774343,0.121604418,,
2022,HIGH,United Kingdom,Poland,0.966324201,-0.363328149,,
2020,HIGH,United Kingdom,Portugal,1.178979436,,,
2021,HIGH,United Kingdom,Portugal,1.376353791,0.167411193,,
2022,HIGH,United Kingdom,Portugal,1.264971288,-0.080925779,,
2020,HIGH,United Kingdom,Romania,0.76744186,,,
2021,HIGH,United Kingdom,Romania,1.048179872,0.365810136,,
2022,HIGH,United Kingdom,Romania,0.993031359,-0.052613596,,
2020,HIGH,United Kingdom,Saudi Arabia,1.057367829,,,
2021,HIGH,United Kingdom,Saudi Arabia,0.963833635,-0.088459467,,
2022,HIGH,United Kingdom,Saudi Arabia,1.041834272,0.08092749,,
2019,HIGH,United Kingdom,Singapore,1.090019569,,,
2020,HIGH,United Kingdom,Singapore,0.880262438,-0.19243428,,
2021,HIGH,United Kingdom,Singapore,0.625733634,-0.289151045,,
2022,HIGH,United Kingdom,Singapore,0.730297723,0.16710639,,
2019,HIGH,United Kingdom,South Africa,0.499510284,,,
2020,HIGH,United Kingdom,South Africa,0.350192678,-0.298927991,,
2021,HIGH,United Kingdom,South Africa,0.366465863,0.046469233,,
2022,HIGH,United Kingdom,South Africa,0.317415063,-0.133848212,,
2019,HIGH,United Kingdom,Spain,1.723071325,,,
2019,LOW,United Kingdom,Spain,1.497391304,,,
2020,HIGH,United Kingdom,Spain,1.344679186,-0.219603294,,
2020,LOW,United Kingdom,Spain,1.201966041,-0.197293294,,
2020,MEDIUM,United Kingdom,Spain,1.314102564,,,
2021,HIGH,United Kingdom,Spain,1.612042892,0.198830851,,
2021,LOW,United Kingdom,Spain,1.483651226,0.234353697,,
2022,LOW,United Kingdom,Spain,1.15052356,-0.224532329,,
2022,HIGH,United Kingdom,Spain,1.284939292,-0.202912467,,
2020,HIGH,United Kingdom,Sweden,1.620934959,,,
2021,HIGH,United Kingdom,Sweden,1.55987395,-0.037670241,,
2022,HIGH,United Kingdom,Sweden,1.192307692,-0.235638436,,
2019,HIGH,United Kingdom,Switzerland,1.990326481,,,
2020,HIGH,United Kingdom,Switzerland,1.804130163,-0.093550641,,
2021,HIGH,United Kingdom,Switzerland,1.624266145,-0.099695699,,
2022,HIGH,United Kingdom,Switzerland,1.414379085,-0.129219624,,
2020,HIGH,United Kingdom,Thailand,1.144475921,,,
2021,HIGH,United Kingdom,Thailand,1.017569546,-0.110886015,,
2022,HIGH,United Kingdom,Thailand,0.895505618,-0.11995635,,
2020,HIGH,United Kingdom,Turkey,0.397116645,,,
2021,HIGH,United Kingdom,Turkey,0.347893916,-0.123950305,,
2022,HIGH,United Kingdom,Turkey,0.393897365,0.132234129,,
2022,HIGH,United Kingdom,Ukraine,0.16751269,,,
2019,HIGH,United Kingdom,United Arab Emirates,0.74308653,,,
2020,HIGH,United Kingdom,United Arab Emirates,0.703644281,-0.053078944,,
2021,HIGH,United Kingdom,United Arab Emirates,0.825312699,0.172911826,,
2022,HIGH,United Kingdom,United Arab Emirates,0.92196586,0.117110959,,
2022,LOW,United Kingdom,United Arab Emirates,0.652173913,,,
2022,MEDIUM,United Kingdom,United Arab Emirates,0.594142259,,,
2019,MEDIUM,United Kingdom,United States,1.421568627,,,
2019,HIGH,United Kingdom,United States,1.509175568,,,
2019,LOW,United Kingdom,United States,1.23709369,,,
2020,HIGH,United Kingdom,United States,0.926066906,-0.386375631,,
2020,MEDIUM,United Kingdom,United States,0.822610294,-0.421336207,,
2020,LOW,United Kingdom,United States,0.710547185,-0.425631874,,
2021,HIGH,United Kingdom,United States,0.905792098,-0.021893459,,
2021,LOW,United Kingdom,United States,0.819787986,0.153741797,,
2021,MEDIUM,United Kingdom,United States,0.884937238,0.07576728,,
2022,HIGH,United Kingdom,United States,1.092422546,0.206041152,,
2022,MEDIUM,United Kingdom,United States,1.044760936,0.180604556,,
2022,LOW,United Kingdom,United States,0.907759883,0.107310547,,
2020,HIGH,United States,Argentina,0.59527439,,,
2021,HIGH,United States,Argentina,0.405547585,-0.318721599,,
2022,HIGH,United States,Argentina,0.544278205,0.342082224,,
2019,HIGH,United States,Australia,0.933210029,,,
2020,HIGH,United States,Australia,1.146813781,0.228891402,,
2021,HIGH,United States,Australia,0.91962981,-0.19810014,,
2022,HIGH,United States,Australia,0.950869237,0.033969567,,
2020,HIGH,United States,Bangladesh,0.596685083,,,
2021,HIGH,United States,Bangladesh,0.32894159,-0.448718262,,
2022,HIGH,United States,Bangladesh,0.202047282,-0.385765471,,
2019,HIGH,United States,Belgium,0.951885566,,,
2020,HIGH,United States,Belgium,1.149019608,0.207098468,,
2021,HIGH,United States,Belgium,1.005121639,-0.125235434,,
2022,HIGH,United States,Belgium,0.82912154,-0.175103283,,
2019,HIGH,United States,Brazil,0.261835083,,,
2020,HIGH,United States,Brazil,0.879597438,2.359356686,,
2020,LOW,United States,Brazil,1.442458101,,,
2020,MEDIUM,United States,Brazil,1.175632911,,,
2021,MEDIUM,United States,Brazil,1.335952849,0.136369045,,
2021,LOW,United States,Brazil,1.545454545,0.071403422,,
2021,HIGH,United States,Brazil,0.836405053,-0.049104719,,
2022,LOW,United States,Brazil,0.74706343,-0.516606016,,
2022,HIGH,United States,Brazil,0.529057018,-0.36746315,,
2019,HIGH,United States,Canada,0.718719256,,,
2019,LOW,United States,Canada,0.965053763,,,
2019,MEDIUM,United States,Canada,0.763904654,,,
2020,MEDIUM,United States,Canada,1.201581028,0.572946338,,
2020,LOW,United States,Canada,1.487922705,0.541802915,,
2020,HIGH,United States,Canada,1.166638428,0.623218549,,
2021,MEDIUM,United States,Canada,1.010387158,-0.159118583,,
2021,LOW,United States,Canada,1.240118577,-0.166543684,,
2021,HIGH,United States,Canada,1.032562708,-0.114924827,,
2022,HIGH,United States,Canada,0.771047413,-0.253268196,,
2022,LOW,United States,Canada,1.032874618,-0.167116245,,
2022,MEDIUM,United States,Canada,0.853523357,-0.155251182,,
2020,HIGH,United States,Chile,0.767108168,,,
2021,HIGH,United States,Chile,0.4306894,-0.438554538,,
2022,HIGH,United States,Chile,0.458598726,0.064801517,,
2019,HIGH,United States,China,0.389566809,,,
2020,HIGH,United States,China,1.152317881,1.957946761,,
2021,HIGH,United States,China,0.91092666,-0.209483186,,
2022,HIGH,United States,China,1.095997166,0.203167296,,
2019,HIGH,United States,Colombia,0.31291866,,,
2020,HIGH,United States,Colombia,0.746845747,1.386708885,,
2021,HIGH,United States,Colombia,0.468587747,-0.372577606,,
2022,HIGH,United States,Colombia,0.454321495,-0.030445209,,
2021,HIGH,United States,Costa Rica,0.688918558,,,
2022,HIGH,United States,Costa Rica,0.646522235,-0.061540399,,
2019,HIGH,United States,Denmark,1.1125,,,
2020,HIGH,United States,Denmark,1.568965517,0.410306083,,
2022,HIGH,United States,Denmark,0.938911023,,,
2020,HIGH,United States,Ecuador,0.803149606,,,
2020,HIGH,United States,Egypt,0.73876698,,,
2021,HIGH,United States,Egypt,0.739005736,0.000323182,,
2022,HIGH,United States,Egypt,0.582040816,-0.212400137,,
2019,HIGH,United States,France,1.061706892,,,
2020,HIGH,United States,France,1.312272175,0.236002313,,
2021,HIGH,United States,France,1.279843444,-0.024711894,,
2022,HIGH,United States,France,0.855875831,-0.331265214,,
2019,HIGH,United States,Germany,1.126846381,,,
2020,HIGH,United States,Germany,1.427682737,0.266971933,,
2020,MEDIUM,United States,Germany,1.203960396,,,
2021,HIGH,United States,Germany,1.169937131,-0.180534232,,
2021,MEDIUM,United States,Germany,0.973309609,-0.191576723,,
2022,HIGH,United States,Germany,0.927791262,-0.206973403,,
2022,MEDIUM,United States,Germany,0.980033278,0.006908048,,
2022,LOW,United States,Germany,0.882089552,,,
2019,MEDIUM,United States,India,1.222093696,,,
2019,HIGH,United States,India,0.663558382,,,
2019,LOW,United States,India,1.895374449,,,
2020,HIGH,United States,India,0.865640004,0.30454234,,
2020,MEDIUM,United States,India,1.318495298,0.078882333,,
2020,LOW,United States,India,1.801960784,-0.049285071,,
2021,HIGH,United States,India,0.543238108,-0.372443388,,
2021,LOW,United States,India,1.055523086,-0.414236372,,
2021,MEDIUM,United States,India,1.017163049,-0.228542528,,
2022,HIGH,United States,India,0.358744615,-0.339618098,,
2022,MEDIUM,United States,India,0.519285942,-0.489476203,,
2022,LOW,United States,India,0.460029718,-0.564168966,,
2020,HIGH,United States,Indonesia,2.040909091,,,
2021,HIGH,United States,Indonesia,1.262987013,-0.381164493,,
2022,HIGH,United States,Indonesia,0.924682396,-0.267860725,,
2020,HIGH,United States,Ireland,1.351395731,,,
2021,HIGH,United States,Ireland,1.058685446,-0.216598497,,
2022,HIGH,United States,Ireland,0.956253851,-0.096753569,,
2019,HIGH,United States,Israel,0.47567909,,,
2020,HIGH,United States,Israel,1.304604486,1.742614744,,
2021,HIGH,United States,Israel,1.153094463,-0.116134833,,
2022,HIGH,United States,Israel,0.9004329,-0.2191161,,
2019,HIGH,United States,Italy,0.898746867,,,
2020,HIGH,United States,Italy,1.201411765,0.33676323,,
2021,HIGH,United States,Italy,0.965320665,-0.196511393,,
2022,HIGH,United States,Italy,0.833207262,-0.136859603,,
2019,HIGH,United States,Japan,0.416458853,,,
2020,HIGH,United States,Japan,1.24519074,1.989949023,,
2021,HIGH,United States,Japan,1.08809599,-0.126161194,,
2022,HIGH,United States,Japan,1.019573474,-0.062974698,,
2020,HIGH,United States,Kenya,1.17027027,,,
2021,HIGH,United States,Kenya,0.820415879,-0.298951789,,
2022,HIGH,United States,Kenya,0.665543387,-0.188773153,,
2019,HIGH,United States,Malaysia,0.881469115,,,
2020,HIGH,United States,Malaysia,1.497584541,0.69896428,,
2021,HIGH,United States,Malaysia,0.952973721,-0.363659483,,
2022,HIGH,United States,Malaysia,0.702923977,-0.262388919,,
2019,HIGH,United States,Mexico,0.529383886,,,
2020,HIGH,United States,Mexico,0.66693278,0.259828259,,
2020,LOW,United States,Mexico,0.827433628,,,
2020,MEDIUM,United States,Mexico,0.782012195,,,
2021,LOW,United States,Mexico,0.541577825,-0.345472789,,
2021,HIGH,United States,Mexico,0.515590346,-0.22692307,,
2022,HIGH,United States,Mexico,0.445100935,-0.136715923,,
2022,LOW,United States,Mexico,0.488567073,-0.097882058,,
2020,HIGH,United States,Netherlands,1.47986191,,,
2021,HIGH,United States,Netherlands,1.292761394,-0.126431064,,
2022,HIGH,United States,Netherlands,1.059946714,-0.180090991,,
2019,HIGH,United States,New Zealand,0.98495212,,,
2020,HIGH,United States,New Zealand,1.508130081,0.531170958,,
2021,HIGH,United States,New Zealand,1.026845638,-0.319126612,,
2022,HIGH,United States,New Zealand,0.866666667,-0.155991285,,
2019,HIGH,United States,Nigeria,0.274936709,,,
2020,HIGH,United States,Nigeria,0.533684211,0.941116604,,
2021,HIGH,United States,Nigeria,0.312112955,-0.415172964,,
2022,HIGH,United States,Nigeria,0.454916176,0.457536985,,
2020,HIGH,United States,Pakistan,0.489370571,,,
2021,HIGH,United States,Pakistan,0.436233317,-0.108582856,,
2022,HIGH,United States,Pakistan,0.461497516,0.057914419,,
2020,HIGH,United States,Peru,0.657068063,,,
2022,HIGH,United States,Peru,0.582137161,,,
2019,HIGH,United States,Philippines,0.447006472,,,
2020,HIGH,United States,Philippines,0.527769254,0.180674748,,
2021,HIGH,United States,Philippines,0.481193885,-0.088249494,,
2022,HIGH,United States,Philippines,0.488990664,0.016202989,,
2022,LOW,United States,Philippines,0.525920361,,,
2020,HIGH,United States,Poland,1.016326531,,,
2021,HIGH,United States,Poland,0.955974843,-0.059382183,,
2022,HIGH,United States,Poland,0.650514839,-0.31952724,,
2022,HIGH,United States,Portugal,1.464713715,,,
2019,HIGH,United States,Puerto Rico,0.751091703,,,
2020,HIGH,United States,Puerto Rico,0.774476376,0.031134245,,
2021,HIGH,United States,Puerto Rico,0.737704918,-0.047479122,,
2022,HIGH,United States,Puerto Rico,0.677477477,-0.081641642,,
2019,HIGH,United States,Saudi Arabia,1.597857838,,,
2020,HIGH,United States,Saudi Arabia,2.590023383,0.620934804,,
2021,HIGH,United States,Saudi Arabia,1.680996885,-0.350972313,,
2022,HIGH,United States,Saudi Arabia,1.347852761,-0.198182476,,
2019,HIGH,United States,Singapore,0.407577497,,,
2020,HIGH,United States,Singapore,0.895410415,1.19690837,,
2021,HIGH,United States,Singapore,0.703555878,-0.214264357,,
2022,HIGH,United States,Singapore,0.752808989,0.070005969,,
2019,HIGH,United States,South Africa,1.165517241,,,
2020,HIGH,United States,South Africa,1.14953271,-0.013714539,,
2021,HIGH,United States,South Africa,1.123529412,-0.022620756,,
2022,HIGH,United States,South Africa,0.688295937,-0.38738058,,
2019,HIGH,United States,Spain,1.183866279,,,
2020,HIGH,United States,Spain,1.25337487,0.058713211,,
2021,HIGH,United States,Spain,1.1,-0.122369511,,
2022,HIGH,United States,Spain,0.955445545,-0.131413141,,
2020,HIGH,United States,Sweden,1.472035794,,,
2021,HIGH,United States,Sweden,1.621921182,0.101821837,,
2022,HIGH,United States,Sweden,0.923214286,-0.430789674,,
2019,HIGH,United States,Switzerland,0.978600347,,,
2020,HIGH,United States,Switzerland,1.393279403,0.423747096,,
2021,HIGH,United States,Switzerland,1.349358974,-0.031523059,,
2022,HIGH,United States,Switzerland,1.061295972,-0.21348137,,
2019,HIGH,United States,Thailand,0.846666667,,,
2020,HIGH,United States,Thailand,0.928719008,0.096912214,,
2021,HIGH,United States,Thailand,0.770104895,-0.170788055,,
2022,HIGH,United States,Thailand,0.677170868,-0.120677102,,
2019,HIGH,United States,Turkey,0.458696768,,,
2020,HIGH,United States,Turkey,0.762464986,0.662241899,,
2021,HIGH,United States,Turkey,0.5783859,-0.241426281,,
2022,HIGH,United States,Turkey,0.533555018,-0.07751033,,
2020,HIGH,United States,Ukraine,0.504186603,,,
2021,HIGH,United States,Ukraine,0.481375358,-0.045243655,,
2022,HIGH,United States,Ukraine,0.264150943,-0.451257862,,
2019,HIGH,United States,United Arab Emirates,0.291282051,,,
2020,HIGH,United States,United Arab Emirates,0.743440233,1.552303618,,
2021,HIGH,United States,United Arab Emirates,0.657100592,-0.116135283,,
2022,HIGH,United States,United Arab Emirates,0.757508343,0.152804231,,
2019,HIGH,United States,United Kingdom,0.66261343,,,
2019,LOW,United States,United Kingdom,0.808346213,,,
2019,MEDIUM,United States,United Kingdom,0.703448276,,,
2020,MEDIUM,United States,United Kingdom,1.215642458,0.728119181,,
2020,LOW,United States,United Kingdom,1.407366071,0.741043687,,
2020,HIGH,United States,United Kingdom,1.079835586,0.629661484,,
2021,MEDIUM,United States,United Kingdom,1.130023641,-0.070430921,,
2021,LOW,United States,United Kingdom,1.219827586,-0.133254943,,
2021,HIGH,United States,United Kingdom,1.104006098,0.022383511,,
2022,HIGH,United States,United Kingdom,0.915396706,-0.170840897,,
2022,LOW,United States,United Kingdom,1.101612903,-0.096910977,,
2022,MEDIUM,United States,United Kingdom,0.957156767,-0.152976334,,
2022,HIGH,United States,Venezuela,0.588685015,,,
2022,HIGH,Venezuela,Colombia,1.028653295,,,
2022,HIGH,Venezuela,United States,1.698701299,,,
